BEGIN;

INSERT INTO "Invoice" (id, "invoiceNumber", "salesOrderId", "invoiceDate", "dueDate", status, "totalAmount", "paidAmount", "termOfPaymentDays", notes, "createdAt", "updatedAt") VALUES ('inv-june-001', 'INV-JUNE-001', 'so-0014', '2026-06-02', '2026-07-02', 'UNPAID', 8160000, 0, 30, 'June Sales', NOW(), NOW());
INSERT INTO "JournalEntry" (id, "entryNumber", "entryDate", description, "referenceType", "referenceId", "isAutoGenerated", status, "createdById", "approvedById", "createdAt", "updatedAt") VALUES ('je-inv-001', 'INV-001', '2026-06-02', 'Sales Invoice #INV-JUNE-001', 'SALES_INVOICE', 'inv-june-001', true, 'POSTED', '982024dc-b7ec-4c97-8b9c-02ea1a183ddb', '982024dc-b7ec-4c97-8b9c-02ea1a183ddb', NOW(), NOW());
INSERT INTO "JournalLine" (id, "journalEntryId", "accountId", debit, credit, description, "createdAt") VALUES ('jl-inv-0001', 'je-inv-001', 'fd55e043-9610-4628-9bd6-3e04b8dd7f8d', 8160000, 0, 'AR for INV-JUNE-001', NOW());
INSERT INTO "JournalLine" (id, "journalEntryId", "accountId", debit, credit, description, "createdAt") VALUES ('jl-inv-0002', 'je-inv-001', 'a9e9ef0d-ca12-41e8-bff6-81c3950f3421', 0, 8160000, 'Revenue for INV-JUNE-001', NOW());
INSERT INTO "Invoice" (id, "invoiceNumber", "salesOrderId", "invoiceDate", "dueDate", status, "totalAmount", "paidAmount", "termOfPaymentDays", notes, "createdAt", "updatedAt") VALUES ('inv-june-002', 'INV-JUNE-002', 'so-0015', '2026-06-02', '2026-07-02', 'UNPAID', 51650000, 0, 30, 'June Sales', NOW(), NOW());
INSERT INTO "JournalEntry" (id, "entryNumber", "entryDate", description, "referenceType", "referenceId", "isAutoGenerated", status, "createdById", "approvedById", "createdAt", "updatedAt") VALUES ('je-inv-002', 'INV-002', '2026-06-02', 'Sales Invoice #INV-JUNE-002', 'SALES_INVOICE', 'inv-june-002', true, 'POSTED', '982024dc-b7ec-4c97-8b9c-02ea1a183ddb', '982024dc-b7ec-4c97-8b9c-02ea1a183ddb', NOW(), NOW());
INSERT INTO "JournalLine" (id, "journalEntryId", "accountId", debit, credit, description, "createdAt") VALUES ('jl-inv-0003', 'je-inv-002', 'fd55e043-9610-4628-9bd6-3e04b8dd7f8d', 51650000, 0, 'AR for INV-JUNE-002', NOW());
INSERT INTO "JournalLine" (id, "journalEntryId", "accountId", debit, credit, description, "createdAt") VALUES ('jl-inv-0004', 'je-inv-002', 'a9e9ef0d-ca12-41e8-bff6-81c3950f3421', 0, 51650000, 'Revenue for INV-JUNE-002', NOW());
INSERT INTO "Invoice" (id, "invoiceNumber", "salesOrderId", "invoiceDate", "dueDate", status, "totalAmount", "paidAmount", "termOfPaymentDays", notes, "createdAt", "updatedAt") VALUES ('inv-june-003', 'INV-JUNE-003', 'so-0016', '2026-06-03', '2026-07-03', 'UNPAID', 21700000, 0, 30, 'June Sales', NOW(), NOW());
INSERT INTO "JournalEntry" (id, "entryNumber", "entryDate", description, "referenceType", "referenceId", "isAutoGenerated", status, "createdById", "approvedById", "createdAt", "updatedAt") VALUES ('je-inv-003', 'INV-003', '2026-06-03', 'Sales Invoice #INV-JUNE-003', 'SALES_INVOICE', 'inv-june-003', true, 'POSTED', '982024dc-b7ec-4c97-8b9c-02ea1a183ddb', '982024dc-b7ec-4c97-8b9c-02ea1a183ddb', NOW(), NOW());
INSERT INTO "JournalLine" (id, "journalEntryId", "accountId", debit, credit, description, "createdAt") VALUES ('jl-inv-0005', 'je-inv-003', 'fd55e043-9610-4628-9bd6-3e04b8dd7f8d', 21700000, 0, 'AR for INV-JUNE-003', NOW());
INSERT INTO "JournalLine" (id, "journalEntryId", "accountId", debit, credit, description, "createdAt") VALUES ('jl-inv-0006', 'je-inv-003', 'a9e9ef0d-ca12-41e8-bff6-81c3950f3421', 0, 21700000, 'Revenue for INV-JUNE-003', NOW());
INSERT INTO "Invoice" (id, "invoiceNumber", "salesOrderId", "invoiceDate", "dueDate", status, "totalAmount", "paidAmount", "termOfPaymentDays", notes, "createdAt", "updatedAt") VALUES ('inv-june-004', 'INV-JUNE-004', 'so-0017', '2026-06-03', '2026-07-03', 'UNPAID', 500000, 0, 30, 'June Sales', NOW(), NOW());
INSERT INTO "JournalEntry" (id, "entryNumber", "entryDate", description, "referenceType", "referenceId", "isAutoGenerated", status, "createdById", "approvedById", "createdAt", "updatedAt") VALUES ('je-inv-004', 'INV-004', '2026-06-03', 'Sales Invoice #INV-JUNE-004', 'SALES_INVOICE', 'inv-june-004', true, 'POSTED', '982024dc-b7ec-4c97-8b9c-02ea1a183ddb', '982024dc-b7ec-4c97-8b9c-02ea1a183ddb', NOW(), NOW());
INSERT INTO "JournalLine" (id, "journalEntryId", "accountId", debit, credit, description, "createdAt") VALUES ('jl-inv-0007', 'je-inv-004', 'fd55e043-9610-4628-9bd6-3e04b8dd7f8d', 500000, 0, 'AR for INV-JUNE-004', NOW());
INSERT INTO "JournalLine" (id, "journalEntryId", "accountId", debit, credit, description, "createdAt") VALUES ('jl-inv-0008', 'je-inv-004', 'a9e9ef0d-ca12-41e8-bff6-81c3950f3421', 0, 500000, 'Revenue for INV-JUNE-004', NOW());
INSERT INTO "Invoice" (id, "invoiceNumber", "salesOrderId", "invoiceDate", "dueDate", status, "totalAmount", "paidAmount", "termOfPaymentDays", notes, "createdAt", "updatedAt") VALUES ('inv-june-005', 'INV-JUNE-005', 'so-0018', '2026-06-03', '2026-07-03', 'UNPAID', 290000, 0, 30, 'June Sales', NOW(), NOW());
INSERT INTO "JournalEntry" (id, "entryNumber", "entryDate", description, "referenceType", "referenceId", "isAutoGenerated", status, "createdById", "approvedById", "createdAt", "updatedAt") VALUES ('je-inv-005', 'INV-005', '2026-06-03', 'Sales Invoice #INV-JUNE-005', 'SALES_INVOICE', 'inv-june-005', true, 'POSTED', '982024dc-b7ec-4c97-8b9c-02ea1a183ddb', '982024dc-b7ec-4c97-8b9c-02ea1a183ddb', NOW(), NOW());
INSERT INTO "JournalLine" (id, "journalEntryId", "accountId", debit, credit, description, "createdAt") VALUES ('jl-inv-0009', 'je-inv-005', 'fd55e043-9610-4628-9bd6-3e04b8dd7f8d', 290000, 0, 'AR for INV-JUNE-005', NOW());
INSERT INTO "JournalLine" (id, "journalEntryId", "accountId", debit, credit, description, "createdAt") VALUES ('jl-inv-0010', 'je-inv-005', 'a9e9ef0d-ca12-41e8-bff6-81c3950f3421', 0, 290000, 'Revenue for INV-JUNE-005', NOW());
INSERT INTO "Invoice" (id, "invoiceNumber", "salesOrderId", "invoiceDate", "dueDate", status, "totalAmount", "paidAmount", "termOfPaymentDays", notes, "createdAt", "updatedAt") VALUES ('inv-june-006', 'INV-JUNE-006', 'so-0019', '2026-06-04', '2026-07-04', 'UNPAID', 49911500, 0, 30, 'June Sales', NOW(), NOW());
INSERT INTO "JournalEntry" (id, "entryNumber", "entryDate", description, "referenceType", "referenceId", "isAutoGenerated", status, "createdById", "approvedById", "createdAt", "updatedAt") VALUES ('je-inv-006', 'INV-006', '2026-06-04', 'Sales Invoice #INV-JUNE-006', 'SALES_INVOICE', 'inv-june-006', true, 'POSTED', '982024dc-b7ec-4c97-8b9c-02ea1a183ddb', '982024dc-b7ec-4c97-8b9c-02ea1a183ddb', NOW(), NOW());
INSERT INTO "JournalLine" (id, "journalEntryId", "accountId", debit, credit, description, "createdAt") VALUES ('jl-inv-0011', 'je-inv-006', 'fd55e043-9610-4628-9bd6-3e04b8dd7f8d', 49911500, 0, 'AR for INV-JUNE-006', NOW());
INSERT INTO "JournalLine" (id, "journalEntryId", "accountId", debit, credit, description, "createdAt") VALUES ('jl-inv-0012', 'je-inv-006', 'a9e9ef0d-ca12-41e8-bff6-81c3950f3421', 0, 49911500, 'Revenue for INV-JUNE-006', NOW());
INSERT INTO "Invoice" (id, "invoiceNumber", "salesOrderId", "invoiceDate", "dueDate", status, "totalAmount", "paidAmount", "termOfPaymentDays", notes, "createdAt", "updatedAt") VALUES ('inv-june-007', 'INV-JUNE-007', 'so-0020', '2026-06-04', '2026-07-04', 'UNPAID', 480000, 0, 30, 'June Sales', NOW(), NOW());
INSERT INTO "JournalEntry" (id, "entryNumber", "entryDate", description, "referenceType", "referenceId", "isAutoGenerated", status, "createdById", "approvedById", "createdAt", "updatedAt") VALUES ('je-inv-007', 'INV-007', '2026-06-04', 'Sales Invoice #INV-JUNE-007', 'SALES_INVOICE', 'inv-june-007', true, 'POSTED', '982024dc-b7ec-4c97-8b9c-02ea1a183ddb', '982024dc-b7ec-4c97-8b9c-02ea1a183ddb', NOW(), NOW());
INSERT INTO "JournalLine" (id, "journalEntryId", "accountId", debit, credit, description, "createdAt") VALUES ('jl-inv-0013', 'je-inv-007', 'fd55e043-9610-4628-9bd6-3e04b8dd7f8d', 480000, 0, 'AR for INV-JUNE-007', NOW());
INSERT INTO "JournalLine" (id, "journalEntryId", "accountId", debit, credit, description, "createdAt") VALUES ('jl-inv-0014', 'je-inv-007', 'a9e9ef0d-ca12-41e8-bff6-81c3950f3421', 0, 480000, 'Revenue for INV-JUNE-007', NOW());
INSERT INTO "Invoice" (id, "invoiceNumber", "salesOrderId", "invoiceDate", "dueDate", status, "totalAmount", "paidAmount", "termOfPaymentDays", notes, "createdAt", "updatedAt") VALUES ('inv-june-008', 'INV-JUNE-008', 'so-0021', '2026-06-04', '2026-07-04', 'UNPAID', 1810500, 0, 30, 'June Sales', NOW(), NOW());
INSERT INTO "JournalEntry" (id, "entryNumber", "entryDate", description, "referenceType", "referenceId", "isAutoGenerated", status, "createdById", "approvedById", "createdAt", "updatedAt") VALUES ('je-inv-008', 'INV-008', '2026-06-04', 'Sales Invoice #INV-JUNE-008', 'SALES_INVOICE', 'inv-june-008', true, 'POSTED', '982024dc-b7ec-4c97-8b9c-02ea1a183ddb', '982024dc-b7ec-4c97-8b9c-02ea1a183ddb', NOW(), NOW());
INSERT INTO "JournalLine" (id, "journalEntryId", "accountId", debit, credit, description, "createdAt") VALUES ('jl-inv-0015', 'je-inv-008', 'fd55e043-9610-4628-9bd6-3e04b8dd7f8d', 1810500, 0, 'AR for INV-JUNE-008', NOW());
INSERT INTO "JournalLine" (id, "journalEntryId", "accountId", debit, credit, description, "createdAt") VALUES ('jl-inv-0016', 'je-inv-008', 'a9e9ef0d-ca12-41e8-bff6-81c3950f3421', 0, 1810500, 'Revenue for INV-JUNE-008', NOW());
INSERT INTO "Invoice" (id, "invoiceNumber", "salesOrderId", "invoiceDate", "dueDate", status, "totalAmount", "paidAmount", "termOfPaymentDays", notes, "createdAt", "updatedAt") VALUES ('inv-june-009', 'INV-JUNE-009', 'so-0022', '2026-06-04', '2026-07-04', 'UNPAID', 5550000, 0, 30, 'June Sales', NOW(), NOW());
INSERT INTO "JournalEntry" (id, "entryNumber", "entryDate", description, "referenceType", "referenceId", "isAutoGenerated", status, "createdById", "approvedById", "createdAt", "updatedAt") VALUES ('je-inv-009', 'INV-009', '2026-06-04', 'Sales Invoice #INV-JUNE-009', 'SALES_INVOICE', 'inv-june-009', true, 'POSTED', '982024dc-b7ec-4c97-8b9c-02ea1a183ddb', '982024dc-b7ec-4c97-8b9c-02ea1a183ddb', NOW(), NOW());
INSERT INTO "JournalLine" (id, "journalEntryId", "accountId", debit, credit, description, "createdAt") VALUES ('jl-inv-0017', 'je-inv-009', 'fd55e043-9610-4628-9bd6-3e04b8dd7f8d', 5550000, 0, 'AR for INV-JUNE-009', NOW());
INSERT INTO "JournalLine" (id, "journalEntryId", "accountId", debit, credit, description, "createdAt") VALUES ('jl-inv-0018', 'je-inv-009', 'a9e9ef0d-ca12-41e8-bff6-81c3950f3421', 0, 5550000, 'Revenue for INV-JUNE-009', NOW());
INSERT INTO "Invoice" (id, "invoiceNumber", "salesOrderId", "invoiceDate", "dueDate", status, "totalAmount", "paidAmount", "termOfPaymentDays", notes, "createdAt", "updatedAt") VALUES ('inv-june-010', 'INV-JUNE-010', 'so-0023', '2026-06-04', '2026-07-04', 'UNPAID', 39880000, 0, 30, 'June Sales', NOW(), NOW());
INSERT INTO "JournalEntry" (id, "entryNumber", "entryDate", description, "referenceType", "referenceId", "isAutoGenerated", status, "createdById", "approvedById", "createdAt", "updatedAt") VALUES ('je-inv-010', 'INV-010', '2026-06-04', 'Sales Invoice #INV-JUNE-010', 'SALES_INVOICE', 'inv-june-010', true, 'POSTED', '982024dc-b7ec-4c97-8b9c-02ea1a183ddb', '982024dc-b7ec-4c97-8b9c-02ea1a183ddb', NOW(), NOW());
INSERT INTO "JournalLine" (id, "journalEntryId", "accountId", debit, credit, description, "createdAt") VALUES ('jl-inv-0019', 'je-inv-010', 'fd55e043-9610-4628-9bd6-3e04b8dd7f8d', 39880000, 0, 'AR for INV-JUNE-010', NOW());
INSERT INTO "JournalLine" (id, "journalEntryId", "accountId", debit, credit, description, "createdAt") VALUES ('jl-inv-0020', 'je-inv-010', 'a9e9ef0d-ca12-41e8-bff6-81c3950f3421', 0, 39880000, 'Revenue for INV-JUNE-010', NOW());
INSERT INTO "Invoice" (id, "invoiceNumber", "salesOrderId", "invoiceDate", "dueDate", status, "totalAmount", "paidAmount", "termOfPaymentDays", notes, "createdAt", "updatedAt") VALUES ('inv-june-011', 'INV-JUNE-011', 'so-0024', '2026-06-05', '2026-07-05', 'UNPAID', 37418000, 0, 30, 'June Sales', NOW(), NOW());
INSERT INTO "JournalEntry" (id, "entryNumber", "entryDate", description, "referenceType", "referenceId", "isAutoGenerated", status, "createdById", "approvedById", "createdAt", "updatedAt") VALUES ('je-inv-011', 'INV-011', '2026-06-05', 'Sales Invoice #INV-JUNE-011', 'SALES_INVOICE', 'inv-june-011', true, 'POSTED', '982024dc-b7ec-4c97-8b9c-02ea1a183ddb', '982024dc-b7ec-4c97-8b9c-02ea1a183ddb', NOW(), NOW());
INSERT INTO "JournalLine" (id, "journalEntryId", "accountId", debit, credit, description, "createdAt") VALUES ('jl-inv-0021', 'je-inv-011', 'fd55e043-9610-4628-9bd6-3e04b8dd7f8d', 37418000, 0, 'AR for INV-JUNE-011', NOW());
INSERT INTO "JournalLine" (id, "journalEntryId", "accountId", debit, credit, description, "createdAt") VALUES ('jl-inv-0022', 'je-inv-011', 'a9e9ef0d-ca12-41e8-bff6-81c3950f3421', 0, 37418000, 'Revenue for INV-JUNE-011', NOW());
INSERT INTO "Invoice" (id, "invoiceNumber", "salesOrderId", "invoiceDate", "dueDate", status, "totalAmount", "paidAmount", "termOfPaymentDays", notes, "createdAt", "updatedAt") VALUES ('inv-june-012', 'INV-JUNE-012', 'so-0025', '2026-06-05', '2026-07-05', 'UNPAID', 5550000, 0, 30, 'June Sales', NOW(), NOW());
INSERT INTO "JournalEntry" (id, "entryNumber", "entryDate", description, "referenceType", "referenceId", "isAutoGenerated", status, "createdById", "approvedById", "createdAt", "updatedAt") VALUES ('je-inv-012', 'INV-012', '2026-06-05', 'Sales Invoice #INV-JUNE-012', 'SALES_INVOICE', 'inv-june-012', true, 'POSTED', '982024dc-b7ec-4c97-8b9c-02ea1a183ddb', '982024dc-b7ec-4c97-8b9c-02ea1a183ddb', NOW(), NOW());
INSERT INTO "JournalLine" (id, "journalEntryId", "accountId", debit, credit, description, "createdAt") VALUES ('jl-inv-0023', 'je-inv-012', 'fd55e043-9610-4628-9bd6-3e04b8dd7f8d', 5550000, 0, 'AR for INV-JUNE-012', NOW());
INSERT INTO "JournalLine" (id, "journalEntryId", "accountId", debit, credit, description, "createdAt") VALUES ('jl-inv-0024', 'je-inv-012', 'a9e9ef0d-ca12-41e8-bff6-81c3950f3421', 0, 5550000, 'Revenue for INV-JUNE-012', NOW());
INSERT INTO "Invoice" (id, "invoiceNumber", "salesOrderId", "invoiceDate", "dueDate", status, "totalAmount", "paidAmount", "termOfPaymentDays", notes, "createdAt", "updatedAt") VALUES ('inv-june-013', 'INV-JUNE-013', 'so-0026', '2026-06-05', '2026-07-05', 'UNPAID', 137500, 0, 30, 'June Sales', NOW(), NOW());
INSERT INTO "JournalEntry" (id, "entryNumber", "entryDate", description, "referenceType", "referenceId", "isAutoGenerated", status, "createdById", "approvedById", "createdAt", "updatedAt") VALUES ('je-inv-013', 'INV-013', '2026-06-05', 'Sales Invoice #INV-JUNE-013', 'SALES_INVOICE', 'inv-june-013', true, 'POSTED', '982024dc-b7ec-4c97-8b9c-02ea1a183ddb', '982024dc-b7ec-4c97-8b9c-02ea1a183ddb', NOW(), NOW());
INSERT INTO "JournalLine" (id, "journalEntryId", "accountId", debit, credit, description, "createdAt") VALUES ('jl-inv-0025', 'je-inv-013', 'fd55e043-9610-4628-9bd6-3e04b8dd7f8d', 137500, 0, 'AR for INV-JUNE-013', NOW());
INSERT INTO "JournalLine" (id, "journalEntryId", "accountId", debit, credit, description, "createdAt") VALUES ('jl-inv-0026', 'je-inv-013', 'a9e9ef0d-ca12-41e8-bff6-81c3950f3421', 0, 137500, 'Revenue for INV-JUNE-013', NOW());
INSERT INTO "Invoice" (id, "invoiceNumber", "salesOrderId", "invoiceDate", "dueDate", status, "totalAmount", "paidAmount", "termOfPaymentDays", notes, "createdAt", "updatedAt") VALUES ('inv-june-014', 'INV-JUNE-014', 'so-0027', '2026-06-06', '2026-07-06', 'UNPAID', 13515000, 0, 30, 'June Sales', NOW(), NOW());
INSERT INTO "JournalEntry" (id, "entryNumber", "entryDate", description, "referenceType", "referenceId", "isAutoGenerated", status, "createdById", "approvedById", "createdAt", "updatedAt") VALUES ('je-inv-014', 'INV-014', '2026-06-06', 'Sales Invoice #INV-JUNE-014', 'SALES_INVOICE', 'inv-june-014', true, 'POSTED', '982024dc-b7ec-4c97-8b9c-02ea1a183ddb', '982024dc-b7ec-4c97-8b9c-02ea1a183ddb', NOW(), NOW());
INSERT INTO "JournalLine" (id, "journalEntryId", "accountId", debit, credit, description, "createdAt") VALUES ('jl-inv-0027', 'je-inv-014', 'fd55e043-9610-4628-9bd6-3e04b8dd7f8d', 13515000, 0, 'AR for INV-JUNE-014', NOW());
INSERT INTO "JournalLine" (id, "journalEntryId", "accountId", debit, credit, description, "createdAt") VALUES ('jl-inv-0028', 'je-inv-014', 'a9e9ef0d-ca12-41e8-bff6-81c3950f3421', 0, 13515000, 'Revenue for INV-JUNE-014', NOW());
INSERT INTO "Invoice" (id, "invoiceNumber", "salesOrderId", "invoiceDate", "dueDate", status, "totalAmount", "paidAmount", "termOfPaymentDays", notes, "createdAt", "updatedAt") VALUES ('inv-june-015', 'INV-JUNE-015', 'so-0028', '2026-06-06', '2026-07-06', 'UNPAID', 6650000, 0, 30, 'June Sales', NOW(), NOW());
INSERT INTO "JournalEntry" (id, "entryNumber", "entryDate", description, "referenceType", "referenceId", "isAutoGenerated", status, "createdById", "approvedById", "createdAt", "updatedAt") VALUES ('je-inv-015', 'INV-015', '2026-06-06', 'Sales Invoice #INV-JUNE-015', 'SALES_INVOICE', 'inv-june-015', true, 'POSTED', '982024dc-b7ec-4c97-8b9c-02ea1a183ddb', '982024dc-b7ec-4c97-8b9c-02ea1a183ddb', NOW(), NOW());
INSERT INTO "JournalLine" (id, "journalEntryId", "accountId", debit, credit, description, "createdAt") VALUES ('jl-inv-0029', 'je-inv-015', 'fd55e043-9610-4628-9bd6-3e04b8dd7f8d', 6650000, 0, 'AR for INV-JUNE-015', NOW());
INSERT INTO "JournalLine" (id, "journalEntryId", "accountId", debit, credit, description, "createdAt") VALUES ('jl-inv-0030', 'je-inv-015', 'a9e9ef0d-ca12-41e8-bff6-81c3950f3421', 0, 6650000, 'Revenue for INV-JUNE-015', NOW());
INSERT INTO "Invoice" (id, "invoiceNumber", "salesOrderId", "invoiceDate", "dueDate", status, "totalAmount", "paidAmount", "termOfPaymentDays", notes, "createdAt", "updatedAt") VALUES ('inv-june-016', 'INV-JUNE-016', 'so-0029', '2026-06-06', '2026-07-06', 'UNPAID', 3444000, 0, 30, 'June Sales', NOW(), NOW());
INSERT INTO "JournalEntry" (id, "entryNumber", "entryDate", description, "referenceType", "referenceId", "isAutoGenerated", status, "createdById", "approvedById", "createdAt", "updatedAt") VALUES ('je-inv-016', 'INV-016', '2026-06-06', 'Sales Invoice #INV-JUNE-016', 'SALES_INVOICE', 'inv-june-016', true, 'POSTED', '982024dc-b7ec-4c97-8b9c-02ea1a183ddb', '982024dc-b7ec-4c97-8b9c-02ea1a183ddb', NOW(), NOW());
INSERT INTO "JournalLine" (id, "journalEntryId", "accountId", debit, credit, description, "createdAt") VALUES ('jl-inv-0031', 'je-inv-016', 'fd55e043-9610-4628-9bd6-3e04b8dd7f8d', 3444000, 0, 'AR for INV-JUNE-016', NOW());
INSERT INTO "JournalLine" (id, "journalEntryId", "accountId", debit, credit, description, "createdAt") VALUES ('jl-inv-0032', 'je-inv-016', 'a9e9ef0d-ca12-41e8-bff6-81c3950f3421', 0, 3444000, 'Revenue for INV-JUNE-016', NOW());
INSERT INTO "Invoice" (id, "invoiceNumber", "salesOrderId", "invoiceDate", "dueDate", status, "totalAmount", "paidAmount", "termOfPaymentDays", notes, "createdAt", "updatedAt") VALUES ('inv-june-017', 'INV-JUNE-017', 'so-0030', '2026-06-06', '2026-07-06', 'UNPAID', 815000, 0, 30, 'June Sales', NOW(), NOW());
INSERT INTO "JournalEntry" (id, "entryNumber", "entryDate", description, "referenceType", "referenceId", "isAutoGenerated", status, "createdById", "approvedById", "createdAt", "updatedAt") VALUES ('je-inv-017', 'INV-017', '2026-06-06', 'Sales Invoice #INV-JUNE-017', 'SALES_INVOICE', 'inv-june-017', true, 'POSTED', '982024dc-b7ec-4c97-8b9c-02ea1a183ddb', '982024dc-b7ec-4c97-8b9c-02ea1a183ddb', NOW(), NOW());
INSERT INTO "JournalLine" (id, "journalEntryId", "accountId", debit, credit, description, "createdAt") VALUES ('jl-inv-0033', 'je-inv-017', 'fd55e043-9610-4628-9bd6-3e04b8dd7f8d', 815000, 0, 'AR for INV-JUNE-017', NOW());
INSERT INTO "JournalLine" (id, "journalEntryId", "accountId", debit, credit, description, "createdAt") VALUES ('jl-inv-0034', 'je-inv-017', 'a9e9ef0d-ca12-41e8-bff6-81c3950f3421', 0, 815000, 'Revenue for INV-JUNE-017', NOW());
INSERT INTO "Invoice" (id, "invoiceNumber", "salesOrderId", "invoiceDate", "dueDate", status, "totalAmount", "paidAmount", "termOfPaymentDays", notes, "createdAt", "updatedAt") VALUES ('inv-june-018', 'INV-JUNE-018', 'so-0031', '2026-06-06', '2026-07-06', 'UNPAID', 338000, 0, 30, 'June Sales', NOW(), NOW());
INSERT INTO "JournalEntry" (id, "entryNumber", "entryDate", description, "referenceType", "referenceId", "isAutoGenerated", status, "createdById", "approvedById", "createdAt", "updatedAt") VALUES ('je-inv-018', 'INV-018', '2026-06-06', 'Sales Invoice #INV-JUNE-018', 'SALES_INVOICE', 'inv-june-018', true, 'POSTED', '982024dc-b7ec-4c97-8b9c-02ea1a183ddb', '982024dc-b7ec-4c97-8b9c-02ea1a183ddb', NOW(), NOW());
INSERT INTO "JournalLine" (id, "journalEntryId", "accountId", debit, credit, description, "createdAt") VALUES ('jl-inv-0035', 'je-inv-018', 'fd55e043-9610-4628-9bd6-3e04b8dd7f8d', 338000, 0, 'AR for INV-JUNE-018', NOW());
INSERT INTO "JournalLine" (id, "journalEntryId", "accountId", debit, credit, description, "createdAt") VALUES ('jl-inv-0036', 'je-inv-018', 'a9e9ef0d-ca12-41e8-bff6-81c3950f3421', 0, 338000, 'Revenue for INV-JUNE-018', NOW());
INSERT INTO "Invoice" (id, "invoiceNumber", "salesOrderId", "invoiceDate", "dueDate", status, "totalAmount", "paidAmount", "termOfPaymentDays", notes, "createdAt", "updatedAt") VALUES ('inv-june-019', 'INV-JUNE-019', 'so-0032', '2026-06-06', '2026-07-06', 'UNPAID', 13260000, 0, 30, 'June Sales', NOW(), NOW());
INSERT INTO "JournalEntry" (id, "entryNumber", "entryDate", description, "referenceType", "referenceId", "isAutoGenerated", status, "createdById", "approvedById", "createdAt", "updatedAt") VALUES ('je-inv-019', 'INV-019', '2026-06-06', 'Sales Invoice #INV-JUNE-019', 'SALES_INVOICE', 'inv-june-019', true, 'POSTED', '982024dc-b7ec-4c97-8b9c-02ea1a183ddb', '982024dc-b7ec-4c97-8b9c-02ea1a183ddb', NOW(), NOW());
INSERT INTO "JournalLine" (id, "journalEntryId", "accountId", debit, credit, description, "createdAt") VALUES ('jl-inv-0037', 'je-inv-019', 'fd55e043-9610-4628-9bd6-3e04b8dd7f8d', 13260000, 0, 'AR for INV-JUNE-019', NOW());
INSERT INTO "JournalLine" (id, "journalEntryId", "accountId", debit, credit, description, "createdAt") VALUES ('jl-inv-0038', 'je-inv-019', 'a9e9ef0d-ca12-41e8-bff6-81c3950f3421', 0, 13260000, 'Revenue for INV-JUNE-019', NOW());
INSERT INTO "Invoice" (id, "invoiceNumber", "salesOrderId", "invoiceDate", "dueDate", status, "totalAmount", "paidAmount", "termOfPaymentDays", notes, "createdAt", "updatedAt") VALUES ('inv-june-020', 'INV-JUNE-020', 'so-0033', '2026-06-08', '2026-07-08', 'UNPAID', 42700000, 0, 30, 'June Sales', NOW(), NOW());
INSERT INTO "JournalEntry" (id, "entryNumber", "entryDate", description, "referenceType", "referenceId", "isAutoGenerated", status, "createdById", "approvedById", "createdAt", "updatedAt") VALUES ('je-inv-020', 'INV-020', '2026-06-08', 'Sales Invoice #INV-JUNE-020', 'SALES_INVOICE', 'inv-june-020', true, 'POSTED', '982024dc-b7ec-4c97-8b9c-02ea1a183ddb', '982024dc-b7ec-4c97-8b9c-02ea1a183ddb', NOW(), NOW());
INSERT INTO "JournalLine" (id, "journalEntryId", "accountId", debit, credit, description, "createdAt") VALUES ('jl-inv-0039', 'je-inv-020', 'fd55e043-9610-4628-9bd6-3e04b8dd7f8d', 42700000, 0, 'AR for INV-JUNE-020', NOW());
INSERT INTO "JournalLine" (id, "journalEntryId", "accountId", debit, credit, description, "createdAt") VALUES ('jl-inv-0040', 'je-inv-020', 'a9e9ef0d-ca12-41e8-bff6-81c3950f3421', 0, 42700000, 'Revenue for INV-JUNE-020', NOW());
INSERT INTO "Invoice" (id, "invoiceNumber", "salesOrderId", "invoiceDate", "dueDate", status, "totalAmount", "paidAmount", "termOfPaymentDays", notes, "createdAt", "updatedAt") VALUES ('inv-june-021', 'INV-JUNE-021', 'so-0034', '2026-06-08', '2026-07-08', 'UNPAID', 290000, 0, 30, 'June Sales', NOW(), NOW());
INSERT INTO "JournalEntry" (id, "entryNumber", "entryDate", description, "referenceType", "referenceId", "isAutoGenerated", status, "createdById", "approvedById", "createdAt", "updatedAt") VALUES ('je-inv-021', 'INV-021', '2026-06-08', 'Sales Invoice #INV-JUNE-021', 'SALES_INVOICE', 'inv-june-021', true, 'POSTED', '982024dc-b7ec-4c97-8b9c-02ea1a183ddb', '982024dc-b7ec-4c97-8b9c-02ea1a183ddb', NOW(), NOW());
INSERT INTO "JournalLine" (id, "journalEntryId", "accountId", debit, credit, description, "createdAt") VALUES ('jl-inv-0041', 'je-inv-021', 'fd55e043-9610-4628-9bd6-3e04b8dd7f8d', 290000, 0, 'AR for INV-JUNE-021', NOW());
INSERT INTO "JournalLine" (id, "journalEntryId", "accountId", debit, credit, description, "createdAt") VALUES ('jl-inv-0042', 'je-inv-021', 'a9e9ef0d-ca12-41e8-bff6-81c3950f3421', 0, 290000, 'Revenue for INV-JUNE-021', NOW());
INSERT INTO "Invoice" (id, "invoiceNumber", "salesOrderId", "invoiceDate", "dueDate", status, "totalAmount", "paidAmount", "termOfPaymentDays", notes, "createdAt", "updatedAt") VALUES ('inv-june-022', 'INV-JUNE-022', 'so-0035', '2026-06-08', '2026-07-08', 'UNPAID', 580000, 0, 30, 'June Sales', NOW(), NOW());
INSERT INTO "JournalEntry" (id, "entryNumber", "entryDate", description, "referenceType", "referenceId", "isAutoGenerated", status, "createdById", "approvedById", "createdAt", "updatedAt") VALUES ('je-inv-022', 'INV-022', '2026-06-08', 'Sales Invoice #INV-JUNE-022', 'SALES_INVOICE', 'inv-june-022', true, 'POSTED', '982024dc-b7ec-4c97-8b9c-02ea1a183ddb', '982024dc-b7ec-4c97-8b9c-02ea1a183ddb', NOW(), NOW());
INSERT INTO "JournalLine" (id, "journalEntryId", "accountId", debit, credit, description, "createdAt") VALUES ('jl-inv-0043', 'je-inv-022', 'fd55e043-9610-4628-9bd6-3e04b8dd7f8d', 580000, 0, 'AR for INV-JUNE-022', NOW());
INSERT INTO "JournalLine" (id, "journalEntryId", "accountId", debit, credit, description, "createdAt") VALUES ('jl-inv-0044', 'je-inv-022', 'a9e9ef0d-ca12-41e8-bff6-81c3950f3421', 0, 580000, 'Revenue for INV-JUNE-022', NOW());
INSERT INTO "Invoice" (id, "invoiceNumber", "salesOrderId", "invoiceDate", "dueDate", status, "totalAmount", "paidAmount", "termOfPaymentDays", notes, "createdAt", "updatedAt") VALUES ('inv-june-023', 'INV-JUNE-023', 'so-0036', '2026-06-09', '2026-07-09', 'UNPAID', 23500000, 0, 30, 'June Sales', NOW(), NOW());
INSERT INTO "JournalEntry" (id, "entryNumber", "entryDate", description, "referenceType", "referenceId", "isAutoGenerated", status, "createdById", "approvedById", "createdAt", "updatedAt") VALUES ('je-inv-023', 'INV-023', '2026-06-09', 'Sales Invoice #INV-JUNE-023', 'SALES_INVOICE', 'inv-june-023', true, 'POSTED', '982024dc-b7ec-4c97-8b9c-02ea1a183ddb', '982024dc-b7ec-4c97-8b9c-02ea1a183ddb', NOW(), NOW());
INSERT INTO "JournalLine" (id, "journalEntryId", "accountId", debit, credit, description, "createdAt") VALUES ('jl-inv-0045', 'je-inv-023', 'fd55e043-9610-4628-9bd6-3e04b8dd7f8d', 23500000, 0, 'AR for INV-JUNE-023', NOW());
INSERT INTO "JournalLine" (id, "journalEntryId", "accountId", debit, credit, description, "createdAt") VALUES ('jl-inv-0046', 'je-inv-023', 'a9e9ef0d-ca12-41e8-bff6-81c3950f3421', 0, 23500000, 'Revenue for INV-JUNE-023', NOW());
INSERT INTO "Invoice" (id, "invoiceNumber", "salesOrderId", "invoiceDate", "dueDate", status, "totalAmount", "paidAmount", "termOfPaymentDays", notes, "createdAt", "updatedAt") VALUES ('inv-june-024', 'INV-JUNE-024', 'so-0037', '2026-06-10', '2026-07-10', 'UNPAID', 750000, 0, 30, 'June Sales', NOW(), NOW());
INSERT INTO "JournalEntry" (id, "entryNumber", "entryDate", description, "referenceType", "referenceId", "isAutoGenerated", status, "createdById", "approvedById", "createdAt", "updatedAt") VALUES ('je-inv-024', 'INV-024', '2026-06-10', 'Sales Invoice #INV-JUNE-024', 'SALES_INVOICE', 'inv-june-024', true, 'POSTED', '982024dc-b7ec-4c97-8b9c-02ea1a183ddb', '982024dc-b7ec-4c97-8b9c-02ea1a183ddb', NOW(), NOW());
INSERT INTO "JournalLine" (id, "journalEntryId", "accountId", debit, credit, description, "createdAt") VALUES ('jl-inv-0047', 'je-inv-024', 'fd55e043-9610-4628-9bd6-3e04b8dd7f8d', 750000, 0, 'AR for INV-JUNE-024', NOW());
INSERT INTO "JournalLine" (id, "journalEntryId", "accountId", debit, credit, description, "createdAt") VALUES ('jl-inv-0048', 'je-inv-024', 'a9e9ef0d-ca12-41e8-bff6-81c3950f3421', 0, 750000, 'Revenue for INV-JUNE-024', NOW());
INSERT INTO "Invoice" (id, "invoiceNumber", "salesOrderId", "invoiceDate", "dueDate", status, "totalAmount", "paidAmount", "termOfPaymentDays", notes, "createdAt", "updatedAt") VALUES ('inv-june-025', 'INV-JUNE-025', 'so-0041', '2026-06-10', '2026-07-10', 'UNPAID', 9690000, 0, 30, 'June Sales', NOW(), NOW());
INSERT INTO "JournalEntry" (id, "entryNumber", "entryDate", description, "referenceType", "referenceId", "isAutoGenerated", status, "createdById", "approvedById", "createdAt", "updatedAt") VALUES ('je-inv-025', 'INV-025', '2026-06-10', 'Sales Invoice #INV-JUNE-025', 'SALES_INVOICE', 'inv-june-025', true, 'POSTED', '982024dc-b7ec-4c97-8b9c-02ea1a183ddb', '982024dc-b7ec-4c97-8b9c-02ea1a183ddb', NOW(), NOW());
INSERT INTO "JournalLine" (id, "journalEntryId", "accountId", debit, credit, description, "createdAt") VALUES ('jl-inv-0049', 'je-inv-025', 'fd55e043-9610-4628-9bd6-3e04b8dd7f8d', 9690000, 0, 'AR for INV-JUNE-025', NOW());
INSERT INTO "JournalLine" (id, "journalEntryId", "accountId", debit, credit, description, "createdAt") VALUES ('jl-inv-0050', 'je-inv-025', 'a9e9ef0d-ca12-41e8-bff6-81c3950f3421', 0, 9690000, 'Revenue for INV-JUNE-025', NOW());
INSERT INTO "Invoice" (id, "invoiceNumber", "salesOrderId", "invoiceDate", "dueDate", status, "totalAmount", "paidAmount", "termOfPaymentDays", notes, "createdAt", "updatedAt") VALUES ('inv-june-026', 'INV-JUNE-026', 'so-0042', '2026-06-10', '2026-07-10', 'UNPAID', 1275000, 0, 30, 'June Sales', NOW(), NOW());
INSERT INTO "JournalEntry" (id, "entryNumber", "entryDate", description, "referenceType", "referenceId", "isAutoGenerated", status, "createdById", "approvedById", "createdAt", "updatedAt") VALUES ('je-inv-026', 'INV-026', '2026-06-10', 'Sales Invoice #INV-JUNE-026', 'SALES_INVOICE', 'inv-june-026', true, 'POSTED', '982024dc-b7ec-4c97-8b9c-02ea1a183ddb', '982024dc-b7ec-4c97-8b9c-02ea1a183ddb', NOW(), NOW());
INSERT INTO "JournalLine" (id, "journalEntryId", "accountId", debit, credit, description, "createdAt") VALUES ('jl-inv-0051', 'je-inv-026', 'fd55e043-9610-4628-9bd6-3e04b8dd7f8d', 1275000, 0, 'AR for INV-JUNE-026', NOW());
INSERT INTO "JournalLine" (id, "journalEntryId", "accountId", debit, credit, description, "createdAt") VALUES ('jl-inv-0052', 'je-inv-026', 'a9e9ef0d-ca12-41e8-bff6-81c3950f3421', 0, 1275000, 'Revenue for INV-JUNE-026', NOW());
INSERT INTO "Invoice" (id, "invoiceNumber", "salesOrderId", "invoiceDate", "dueDate", status, "totalAmount", "paidAmount", "termOfPaymentDays", notes, "createdAt", "updatedAt") VALUES ('inv-june-027', 'INV-JUNE-027', 'so-0038', '2026-06-11', '2026-07-11', 'UNPAID', 5550000, 0, 30, 'June Sales', NOW(), NOW());
INSERT INTO "JournalEntry" (id, "entryNumber", "entryDate", description, "referenceType", "referenceId", "isAutoGenerated", status, "createdById", "approvedById", "createdAt", "updatedAt") VALUES ('je-inv-027', 'INV-027', '2026-06-11', 'Sales Invoice #INV-JUNE-027', 'SALES_INVOICE', 'inv-june-027', true, 'POSTED', '982024dc-b7ec-4c97-8b9c-02ea1a183ddb', '982024dc-b7ec-4c97-8b9c-02ea1a183ddb', NOW(), NOW());
INSERT INTO "JournalLine" (id, "journalEntryId", "accountId", debit, credit, description, "createdAt") VALUES ('jl-inv-0053', 'je-inv-027', 'fd55e043-9610-4628-9bd6-3e04b8dd7f8d', 5550000, 0, 'AR for INV-JUNE-027', NOW());
INSERT INTO "JournalLine" (id, "journalEntryId", "accountId", debit, credit, description, "createdAt") VALUES ('jl-inv-0054', 'je-inv-027', 'a9e9ef0d-ca12-41e8-bff6-81c3950f3421', 0, 5550000, 'Revenue for INV-JUNE-027', NOW());
INSERT INTO "Invoice" (id, "invoiceNumber", "salesOrderId", "invoiceDate", "dueDate", status, "totalAmount", "paidAmount", "termOfPaymentDays", notes, "createdAt", "updatedAt") VALUES ('inv-june-028', 'INV-JUNE-028', 'so-0039', '2026-06-11', '2026-07-11', 'UNPAID', 2540000, 0, 30, 'June Sales', NOW(), NOW());
INSERT INTO "JournalEntry" (id, "entryNumber", "entryDate", description, "referenceType", "referenceId", "isAutoGenerated", status, "createdById", "approvedById", "createdAt", "updatedAt") VALUES ('je-inv-028', 'INV-028', '2026-06-11', 'Sales Invoice #INV-JUNE-028', 'SALES_INVOICE', 'inv-june-028', true, 'POSTED', '982024dc-b7ec-4c97-8b9c-02ea1a183ddb', '982024dc-b7ec-4c97-8b9c-02ea1a183ddb', NOW(), NOW());
INSERT INTO "JournalLine" (id, "journalEntryId", "accountId", debit, credit, description, "createdAt") VALUES ('jl-inv-0055', 'je-inv-028', 'fd55e043-9610-4628-9bd6-3e04b8dd7f8d', 2540000, 0, 'AR for INV-JUNE-028', NOW());
INSERT INTO "JournalLine" (id, "journalEntryId", "accountId", debit, credit, description, "createdAt") VALUES ('jl-inv-0056', 'je-inv-028', 'a9e9ef0d-ca12-41e8-bff6-81c3950f3421', 0, 2540000, 'Revenue for INV-JUNE-028', NOW());
INSERT INTO "Invoice" (id, "invoiceNumber", "salesOrderId", "invoiceDate", "dueDate", status, "totalAmount", "paidAmount", "termOfPaymentDays", notes, "createdAt", "updatedAt") VALUES ('inv-june-029', 'INV-JUNE-029', 'so-0040', '2026-06-11', '2026-07-11', 'UNPAID', 3600000, 0, 30, 'June Sales', NOW(), NOW());
INSERT INTO "JournalEntry" (id, "entryNumber", "entryDate", description, "referenceType", "referenceId", "isAutoGenerated", status, "createdById", "approvedById", "createdAt", "updatedAt") VALUES ('je-inv-029', 'INV-029', '2026-06-11', 'Sales Invoice #INV-JUNE-029', 'SALES_INVOICE', 'inv-june-029', true, 'POSTED', '982024dc-b7ec-4c97-8b9c-02ea1a183ddb', '982024dc-b7ec-4c97-8b9c-02ea1a183ddb', NOW(), NOW());
INSERT INTO "JournalLine" (id, "journalEntryId", "accountId", debit, credit, description, "createdAt") VALUES ('jl-inv-0057', 'je-inv-029', 'fd55e043-9610-4628-9bd6-3e04b8dd7f8d', 3600000, 0, 'AR for INV-JUNE-029', NOW());
INSERT INTO "JournalLine" (id, "journalEntryId", "accountId", debit, credit, description, "createdAt") VALUES ('jl-inv-0058', 'je-inv-029', 'a9e9ef0d-ca12-41e8-bff6-81c3950f3421', 0, 3600000, 'Revenue for INV-JUNE-029', NOW());
INSERT INTO "Invoice" (id, "invoiceNumber", "salesOrderId", "invoiceDate", "dueDate", status, "totalAmount", "paidAmount", "termOfPaymentDays", notes, "createdAt", "updatedAt") VALUES ('inv-june-030', 'INV-JUNE-030', 'so-0043', '2026-06-11', '2026-07-11', 'UNPAID', 6150000, 0, 30, 'June Sales', NOW(), NOW());
INSERT INTO "JournalEntry" (id, "entryNumber", "entryDate", description, "referenceType", "referenceId", "isAutoGenerated", status, "createdById", "approvedById", "createdAt", "updatedAt") VALUES ('je-inv-030', 'INV-030', '2026-06-11', 'Sales Invoice #INV-JUNE-030', 'SALES_INVOICE', 'inv-june-030', true, 'POSTED', '982024dc-b7ec-4c97-8b9c-02ea1a183ddb', '982024dc-b7ec-4c97-8b9c-02ea1a183ddb', NOW(), NOW());
INSERT INTO "JournalLine" (id, "journalEntryId", "accountId", debit, credit, description, "createdAt") VALUES ('jl-inv-0059', 'je-inv-030', 'fd55e043-9610-4628-9bd6-3e04b8dd7f8d', 6150000, 0, 'AR for INV-JUNE-030', NOW());
INSERT INTO "JournalLine" (id, "journalEntryId", "accountId", debit, credit, description, "createdAt") VALUES ('jl-inv-0060', 'je-inv-030', 'a9e9ef0d-ca12-41e8-bff6-81c3950f3421', 0, 6150000, 'Revenue for INV-JUNE-030', NOW());
INSERT INTO "Invoice" (id, "invoiceNumber", "salesOrderId", "invoiceDate", "dueDate", status, "totalAmount", "paidAmount", "termOfPaymentDays", notes, "createdAt", "updatedAt") VALUES ('inv-june-031', 'INV-JUNE-031', 'so-0044', '2026-06-12', '2026-07-12', 'UNPAID', 127000, 0, 30, 'June Sales', NOW(), NOW());
INSERT INTO "JournalEntry" (id, "entryNumber", "entryDate", description, "referenceType", "referenceId", "isAutoGenerated", status, "createdById", "approvedById", "createdAt", "updatedAt") VALUES ('je-inv-031', 'INV-031', '2026-06-12', 'Sales Invoice #INV-JUNE-031', 'SALES_INVOICE', 'inv-june-031', true, 'POSTED', '982024dc-b7ec-4c97-8b9c-02ea1a183ddb', '982024dc-b7ec-4c97-8b9c-02ea1a183ddb', NOW(), NOW());
INSERT INTO "JournalLine" (id, "journalEntryId", "accountId", debit, credit, description, "createdAt") VALUES ('jl-inv-0061', 'je-inv-031', 'fd55e043-9610-4628-9bd6-3e04b8dd7f8d', 127000, 0, 'AR for INV-JUNE-031', NOW());
INSERT INTO "JournalLine" (id, "journalEntryId", "accountId", debit, credit, description, "createdAt") VALUES ('jl-inv-0062', 'je-inv-031', 'a9e9ef0d-ca12-41e8-bff6-81c3950f3421', 0, 127000, 'Revenue for INV-JUNE-031', NOW());
INSERT INTO "Invoice" (id, "invoiceNumber", "salesOrderId", "invoiceDate", "dueDate", status, "totalAmount", "paidAmount", "termOfPaymentDays", notes, "createdAt", "updatedAt") VALUES ('inv-june-032', 'INV-JUNE-032', 'so-0045', '2026-06-12', '2026-07-12', 'UNPAID', 15321500, 0, 30, 'June Sales', NOW(), NOW());
INSERT INTO "JournalEntry" (id, "entryNumber", "entryDate", description, "referenceType", "referenceId", "isAutoGenerated", status, "createdById", "approvedById", "createdAt", "updatedAt") VALUES ('je-inv-032', 'INV-032', '2026-06-12', 'Sales Invoice #INV-JUNE-032', 'SALES_INVOICE', 'inv-june-032', true, 'POSTED', '982024dc-b7ec-4c97-8b9c-02ea1a183ddb', '982024dc-b7ec-4c97-8b9c-02ea1a183ddb', NOW(), NOW());
INSERT INTO "JournalLine" (id, "journalEntryId", "accountId", debit, credit, description, "createdAt") VALUES ('jl-inv-0063', 'je-inv-032', 'fd55e043-9610-4628-9bd6-3e04b8dd7f8d', 15321500, 0, 'AR for INV-JUNE-032', NOW());
INSERT INTO "JournalLine" (id, "journalEntryId", "accountId", debit, credit, description, "createdAt") VALUES ('jl-inv-0064', 'je-inv-032', 'a9e9ef0d-ca12-41e8-bff6-81c3950f3421', 0, 15321500, 'Revenue for INV-JUNE-032', NOW());
INSERT INTO "Invoice" (id, "invoiceNumber", "salesOrderId", "invoiceDate", "dueDate", status, "totalAmount", "paidAmount", "termOfPaymentDays", notes, "createdAt", "updatedAt") VALUES ('inv-june-033', 'INV-JUNE-033', 'so-0046', '2026-06-14', '2026-07-14', 'UNPAID', 45112500, 0, 30, 'June Sales', NOW(), NOW());
INSERT INTO "JournalEntry" (id, "entryNumber", "entryDate", description, "referenceType", "referenceId", "isAutoGenerated", status, "createdById", "approvedById", "createdAt", "updatedAt") VALUES ('je-inv-033', 'INV-033', '2026-06-14', 'Sales Invoice #INV-JUNE-033', 'SALES_INVOICE', 'inv-june-033', true, 'POSTED', '982024dc-b7ec-4c97-8b9c-02ea1a183ddb', '982024dc-b7ec-4c97-8b9c-02ea1a183ddb', NOW(), NOW());
INSERT INTO "JournalLine" (id, "journalEntryId", "accountId", debit, credit, description, "createdAt") VALUES ('jl-inv-0065', 'je-inv-033', 'fd55e043-9610-4628-9bd6-3e04b8dd7f8d', 45112500, 0, 'AR for INV-JUNE-033', NOW());
INSERT INTO "JournalLine" (id, "journalEntryId", "accountId", debit, credit, description, "createdAt") VALUES ('jl-inv-0066', 'je-inv-033', 'a9e9ef0d-ca12-41e8-bff6-81c3950f3421', 0, 45112500, 'Revenue for INV-JUNE-033', NOW());
INSERT INTO "Invoice" (id, "invoiceNumber", "salesOrderId", "invoiceDate", "dueDate", status, "totalAmount", "paidAmount", "termOfPaymentDays", notes, "createdAt", "updatedAt") VALUES ('inv-june-034', 'INV-JUNE-034', 'so-0047', '2026-06-14', '2026-07-14', 'UNPAID', 35250000, 0, 30, 'June Sales', NOW(), NOW());
INSERT INTO "JournalEntry" (id, "entryNumber", "entryDate", description, "referenceType", "referenceId", "isAutoGenerated", status, "createdById", "approvedById", "createdAt", "updatedAt") VALUES ('je-inv-034', 'INV-034', '2026-06-14', 'Sales Invoice #INV-JUNE-034', 'SALES_INVOICE', 'inv-june-034', true, 'POSTED', '982024dc-b7ec-4c97-8b9c-02ea1a183ddb', '982024dc-b7ec-4c97-8b9c-02ea1a183ddb', NOW(), NOW());
INSERT INTO "JournalLine" (id, "journalEntryId", "accountId", debit, credit, description, "createdAt") VALUES ('jl-inv-0067', 'je-inv-034', 'fd55e043-9610-4628-9bd6-3e04b8dd7f8d', 35250000, 0, 'AR for INV-JUNE-034', NOW());
INSERT INTO "JournalLine" (id, "journalEntryId", "accountId", debit, credit, description, "createdAt") VALUES ('jl-inv-0068', 'je-inv-034', 'a9e9ef0d-ca12-41e8-bff6-81c3950f3421', 0, 35250000, 'Revenue for INV-JUNE-034', NOW());
INSERT INTO "Invoice" (id, "invoiceNumber", "salesOrderId", "invoiceDate", "dueDate", status, "totalAmount", "paidAmount", "termOfPaymentDays", notes, "createdAt", "updatedAt") VALUES ('inv-june-035', 'INV-JUNE-035', 'so-0048', '2026-06-17', '2026-07-17', 'UNPAID', 12750000, 0, 30, 'June Sales', NOW(), NOW());
INSERT INTO "JournalEntry" (id, "entryNumber", "entryDate", description, "referenceType", "referenceId", "isAutoGenerated", status, "createdById", "approvedById", "createdAt", "updatedAt") VALUES ('je-inv-035', 'INV-035', '2026-06-17', 'Sales Invoice #INV-JUNE-035', 'SALES_INVOICE', 'inv-june-035', true, 'POSTED', '982024dc-b7ec-4c97-8b9c-02ea1a183ddb', '982024dc-b7ec-4c97-8b9c-02ea1a183ddb', NOW(), NOW());
INSERT INTO "JournalLine" (id, "journalEntryId", "accountId", debit, credit, description, "createdAt") VALUES ('jl-inv-0069', 'je-inv-035', 'fd55e043-9610-4628-9bd6-3e04b8dd7f8d', 12750000, 0, 'AR for INV-JUNE-035', NOW());
INSERT INTO "JournalLine" (id, "journalEntryId", "accountId", debit, credit, description, "createdAt") VALUES ('jl-inv-0070', 'je-inv-035', 'a9e9ef0d-ca12-41e8-bff6-81c3950f3421', 0, 12750000, 'Revenue for INV-JUNE-035', NOW());
INSERT INTO "Invoice" (id, "invoiceNumber", "salesOrderId", "invoiceDate", "dueDate", status, "totalAmount", "paidAmount", "termOfPaymentDays", notes, "createdAt", "updatedAt") VALUES ('inv-june-036', 'INV-JUNE-036', 'so-0049', '2026-06-17', '2026-07-17', 'UNPAID', 2931500, 0, 30, 'June Sales', NOW(), NOW());
INSERT INTO "JournalEntry" (id, "entryNumber", "entryDate", description, "referenceType", "referenceId", "isAutoGenerated", status, "createdById", "approvedById", "createdAt", "updatedAt") VALUES ('je-inv-036', 'INV-036', '2026-06-17', 'Sales Invoice #INV-JUNE-036', 'SALES_INVOICE', 'inv-june-036', true, 'POSTED', '982024dc-b7ec-4c97-8b9c-02ea1a183ddb', '982024dc-b7ec-4c97-8b9c-02ea1a183ddb', NOW(), NOW());
INSERT INTO "JournalLine" (id, "journalEntryId", "accountId", debit, credit, description, "createdAt") VALUES ('jl-inv-0071', 'je-inv-036', 'fd55e043-9610-4628-9bd6-3e04b8dd7f8d', 2931500, 0, 'AR for INV-JUNE-036', NOW());
INSERT INTO "JournalLine" (id, "journalEntryId", "accountId", debit, credit, description, "createdAt") VALUES ('jl-inv-0072', 'je-inv-036', 'a9e9ef0d-ca12-41e8-bff6-81c3950f3421', 0, 2931500, 'Revenue for INV-JUNE-036', NOW());
INSERT INTO "Invoice" (id, "invoiceNumber", "salesOrderId", "invoiceDate", "dueDate", status, "totalAmount", "paidAmount", "termOfPaymentDays", notes, "createdAt", "updatedAt") VALUES ('inv-june-037', 'INV-JUNE-037', 'so-0050', '2026-06-17', '2026-07-17', 'UNPAID', 290000, 0, 30, 'June Sales', NOW(), NOW());
INSERT INTO "JournalEntry" (id, "entryNumber", "entryDate", description, "referenceType", "referenceId", "isAutoGenerated", status, "createdById", "approvedById", "createdAt", "updatedAt") VALUES ('je-inv-037', 'INV-037', '2026-06-17', 'Sales Invoice #INV-JUNE-037', 'SALES_INVOICE', 'inv-june-037', true, 'POSTED', '982024dc-b7ec-4c97-8b9c-02ea1a183ddb', '982024dc-b7ec-4c97-8b9c-02ea1a183ddb', NOW(), NOW());
INSERT INTO "JournalLine" (id, "journalEntryId", "accountId", debit, credit, description, "createdAt") VALUES ('jl-inv-0073', 'je-inv-037', 'fd55e043-9610-4628-9bd6-3e04b8dd7f8d', 290000, 0, 'AR for INV-JUNE-037', NOW());
INSERT INTO "JournalLine" (id, "journalEntryId", "accountId", debit, credit, description, "createdAt") VALUES ('jl-inv-0074', 'je-inv-037', 'a9e9ef0d-ca12-41e8-bff6-81c3950f3421', 0, 290000, 'Revenue for INV-JUNE-037', NOW());
INSERT INTO "Invoice" (id, "invoiceNumber", "salesOrderId", "invoiceDate", "dueDate", status, "totalAmount", "paidAmount", "termOfPaymentDays", notes, "createdAt", "updatedAt") VALUES ('inv-june-038', 'INV-JUNE-038', 'so-0051', '2026-06-17', '2026-07-17', 'UNPAID', 32745000, 0, 30, 'June Sales', NOW(), NOW());
INSERT INTO "JournalEntry" (id, "entryNumber", "entryDate", description, "referenceType", "referenceId", "isAutoGenerated", status, "createdById", "approvedById", "createdAt", "updatedAt") VALUES ('je-inv-038', 'INV-038', '2026-06-17', 'Sales Invoice #INV-JUNE-038', 'SALES_INVOICE', 'inv-june-038', true, 'POSTED', '982024dc-b7ec-4c97-8b9c-02ea1a183ddb', '982024dc-b7ec-4c97-8b9c-02ea1a183ddb', NOW(), NOW());
INSERT INTO "JournalLine" (id, "journalEntryId", "accountId", debit, credit, description, "createdAt") VALUES ('jl-inv-0075', 'je-inv-038', 'fd55e043-9610-4628-9bd6-3e04b8dd7f8d', 32745000, 0, 'AR for INV-JUNE-038', NOW());
INSERT INTO "JournalLine" (id, "journalEntryId", "accountId", debit, credit, description, "createdAt") VALUES ('jl-inv-0076', 'je-inv-038', 'a9e9ef0d-ca12-41e8-bff6-81c3950f3421', 0, 32745000, 'Revenue for INV-JUNE-038', NOW());
INSERT INTO "Invoice" (id, "invoiceNumber", "salesOrderId", "invoiceDate", "dueDate", status, "totalAmount", "paidAmount", "termOfPaymentDays", notes, "createdAt", "updatedAt") VALUES ('inv-june-039', 'INV-JUNE-039', 'so-0052', '2026-06-17', '2026-07-17', 'UNPAID', 325500, 0, 30, 'June Sales', NOW(), NOW());
INSERT INTO "JournalEntry" (id, "entryNumber", "entryDate", description, "referenceType", "referenceId", "isAutoGenerated", status, "createdById", "approvedById", "createdAt", "updatedAt") VALUES ('je-inv-039', 'INV-039', '2026-06-17', 'Sales Invoice #INV-JUNE-039', 'SALES_INVOICE', 'inv-june-039', true, 'POSTED', '982024dc-b7ec-4c97-8b9c-02ea1a183ddb', '982024dc-b7ec-4c97-8b9c-02ea1a183ddb', NOW(), NOW());
INSERT INTO "JournalLine" (id, "journalEntryId", "accountId", debit, credit, description, "createdAt") VALUES ('jl-inv-0077', 'je-inv-039', 'fd55e043-9610-4628-9bd6-3e04b8dd7f8d', 325500, 0, 'AR for INV-JUNE-039', NOW());
INSERT INTO "JournalLine" (id, "journalEntryId", "accountId", debit, credit, description, "createdAt") VALUES ('jl-inv-0078', 'je-inv-039', 'a9e9ef0d-ca12-41e8-bff6-81c3950f3421', 0, 325500, 'Revenue for INV-JUNE-039', NOW());
INSERT INTO "Invoice" (id, "invoiceNumber", "salesOrderId", "invoiceDate", "dueDate", status, "totalAmount", "paidAmount", "termOfPaymentDays", notes, "createdAt", "updatedAt") VALUES ('inv-june-040', 'INV-JUNE-040', 'so-0053', '2026-06-18', '2026-07-18', 'UNPAID', 6180000, 0, 30, 'June Sales', NOW(), NOW());
INSERT INTO "JournalEntry" (id, "entryNumber", "entryDate", description, "referenceType", "referenceId", "isAutoGenerated", status, "createdById", "approvedById", "createdAt", "updatedAt") VALUES ('je-inv-040', 'INV-040', '2026-06-18', 'Sales Invoice #INV-JUNE-040', 'SALES_INVOICE', 'inv-june-040', true, 'POSTED', '982024dc-b7ec-4c97-8b9c-02ea1a183ddb', '982024dc-b7ec-4c97-8b9c-02ea1a183ddb', NOW(), NOW());
INSERT INTO "JournalLine" (id, "journalEntryId", "accountId", debit, credit, description, "createdAt") VALUES ('jl-inv-0079', 'je-inv-040', 'fd55e043-9610-4628-9bd6-3e04b8dd7f8d', 6180000, 0, 'AR for INV-JUNE-040', NOW());
INSERT INTO "JournalLine" (id, "journalEntryId", "accountId", debit, credit, description, "createdAt") VALUES ('jl-inv-0080', 'je-inv-040', 'a9e9ef0d-ca12-41e8-bff6-81c3950f3421', 0, 6180000, 'Revenue for INV-JUNE-040', NOW());
INSERT INTO "Invoice" (id, "invoiceNumber", "salesOrderId", "invoiceDate", "dueDate", status, "totalAmount", "paidAmount", "termOfPaymentDays", notes, "createdAt", "updatedAt") VALUES ('inv-june-041', 'INV-JUNE-041', 'so-0054', '2026-06-19', '2026-07-19', 'UNPAID', 19087500, 0, 30, 'June Sales', NOW(), NOW());
INSERT INTO "JournalEntry" (id, "entryNumber", "entryDate", description, "referenceType", "referenceId", "isAutoGenerated", status, "createdById", "approvedById", "createdAt", "updatedAt") VALUES ('je-inv-041', 'INV-041', '2026-06-19', 'Sales Invoice #INV-JUNE-041', 'SALES_INVOICE', 'inv-june-041', true, 'POSTED', '982024dc-b7ec-4c97-8b9c-02ea1a183ddb', '982024dc-b7ec-4c97-8b9c-02ea1a183ddb', NOW(), NOW());
INSERT INTO "JournalLine" (id, "journalEntryId", "accountId", debit, credit, description, "createdAt") VALUES ('jl-inv-0081', 'je-inv-041', 'fd55e043-9610-4628-9bd6-3e04b8dd7f8d', 19087500, 0, 'AR for INV-JUNE-041', NOW());
INSERT INTO "JournalLine" (id, "journalEntryId", "accountId", debit, credit, description, "createdAt") VALUES ('jl-inv-0082', 'je-inv-041', 'a9e9ef0d-ca12-41e8-bff6-81c3950f3421', 0, 19087500, 'Revenue for INV-JUNE-041', NOW());
INSERT INTO "Invoice" (id, "invoiceNumber", "salesOrderId", "invoiceDate", "dueDate", status, "totalAmount", "paidAmount", "termOfPaymentDays", notes, "createdAt", "updatedAt") VALUES ('inv-june-042', 'INV-JUNE-042', 'so-0055', '2026-06-20', '2026-07-20', 'UNPAID', 39670500, 0, 30, 'June Sales', NOW(), NOW());
INSERT INTO "JournalEntry" (id, "entryNumber", "entryDate", description, "referenceType", "referenceId", "isAutoGenerated", status, "createdById", "approvedById", "createdAt", "updatedAt") VALUES ('je-inv-042', 'INV-042', '2026-06-20', 'Sales Invoice #INV-JUNE-042', 'SALES_INVOICE', 'inv-june-042', true, 'POSTED', '982024dc-b7ec-4c97-8b9c-02ea1a183ddb', '982024dc-b7ec-4c97-8b9c-02ea1a183ddb', NOW(), NOW());
INSERT INTO "JournalLine" (id, "journalEntryId", "accountId", debit, credit, description, "createdAt") VALUES ('jl-inv-0083', 'je-inv-042', 'fd55e043-9610-4628-9bd6-3e04b8dd7f8d', 39670500, 0, 'AR for INV-JUNE-042', NOW());
INSERT INTO "JournalLine" (id, "journalEntryId", "accountId", debit, credit, description, "createdAt") VALUES ('jl-inv-0084', 'je-inv-042', 'a9e9ef0d-ca12-41e8-bff6-81c3950f3421', 0, 39670500, 'Revenue for INV-JUNE-042', NOW());
INSERT INTO "Invoice" (id, "invoiceNumber", "salesOrderId", "invoiceDate", "dueDate", status, "totalAmount", "paidAmount", "termOfPaymentDays", notes, "createdAt", "updatedAt") VALUES ('inv-june-043', 'INV-JUNE-043', 'so-0056', '2026-06-22', '2026-07-22', 'UNPAID', 24630000, 0, 30, 'June Sales', NOW(), NOW());
INSERT INTO "JournalEntry" (id, "entryNumber", "entryDate", description, "referenceType", "referenceId", "isAutoGenerated", status, "createdById", "approvedById", "createdAt", "updatedAt") VALUES ('je-inv-043', 'INV-043', '2026-06-22', 'Sales Invoice #INV-JUNE-043', 'SALES_INVOICE', 'inv-june-043', true, 'POSTED', '982024dc-b7ec-4c97-8b9c-02ea1a183ddb', '982024dc-b7ec-4c97-8b9c-02ea1a183ddb', NOW(), NOW());
INSERT INTO "JournalLine" (id, "journalEntryId", "accountId", debit, credit, description, "createdAt") VALUES ('jl-inv-0085', 'je-inv-043', 'fd55e043-9610-4628-9bd6-3e04b8dd7f8d', 24630000, 0, 'AR for INV-JUNE-043', NOW());
INSERT INTO "JournalLine" (id, "journalEntryId", "accountId", debit, credit, description, "createdAt") VALUES ('jl-inv-0086', 'je-inv-043', 'a9e9ef0d-ca12-41e8-bff6-81c3950f3421', 0, 24630000, 'Revenue for INV-JUNE-043', NOW());
INSERT INTO "Invoice" (id, "invoiceNumber", "salesOrderId", "invoiceDate", "dueDate", status, "totalAmount", "paidAmount", "termOfPaymentDays", notes, "createdAt", "updatedAt") VALUES ('inv-june-044', 'INV-JUNE-044', 'so-0057', '2026-06-22', '2026-07-22', 'UNPAID', 580000, 0, 30, 'June Sales', NOW(), NOW());
INSERT INTO "JournalEntry" (id, "entryNumber", "entryDate", description, "referenceType", "referenceId", "isAutoGenerated", status, "createdById", "approvedById", "createdAt", "updatedAt") VALUES ('je-inv-044', 'INV-044', '2026-06-22', 'Sales Invoice #INV-JUNE-044', 'SALES_INVOICE', 'inv-june-044', true, 'POSTED', '982024dc-b7ec-4c97-8b9c-02ea1a183ddb', '982024dc-b7ec-4c97-8b9c-02ea1a183ddb', NOW(), NOW());
INSERT INTO "JournalLine" (id, "journalEntryId", "accountId", debit, credit, description, "createdAt") VALUES ('jl-inv-0087', 'je-inv-044', 'fd55e043-9610-4628-9bd6-3e04b8dd7f8d', 580000, 0, 'AR for INV-JUNE-044', NOW());
INSERT INTO "JournalLine" (id, "journalEntryId", "accountId", debit, credit, description, "createdAt") VALUES ('jl-inv-0088', 'je-inv-044', 'a9e9ef0d-ca12-41e8-bff6-81c3950f3421', 0, 580000, 'Revenue for INV-JUNE-044', NOW());
INSERT INTO "Invoice" (id, "invoiceNumber", "salesOrderId", "invoiceDate", "dueDate", status, "totalAmount", "paidAmount", "termOfPaymentDays", notes, "createdAt", "updatedAt") VALUES ('inv-june-045', 'INV-JUNE-045', 'so-0058', '2026-06-22', '2026-07-22', 'UNPAID', 46989000, 0, 30, 'June Sales', NOW(), NOW());
INSERT INTO "JournalEntry" (id, "entryNumber", "entryDate", description, "referenceType", "referenceId", "isAutoGenerated", status, "createdById", "approvedById", "createdAt", "updatedAt") VALUES ('je-inv-045', 'INV-045', '2026-06-22', 'Sales Invoice #INV-JUNE-045', 'SALES_INVOICE', 'inv-june-045', true, 'POSTED', '982024dc-b7ec-4c97-8b9c-02ea1a183ddb', '982024dc-b7ec-4c97-8b9c-02ea1a183ddb', NOW(), NOW());
INSERT INTO "JournalLine" (id, "journalEntryId", "accountId", debit, credit, description, "createdAt") VALUES ('jl-inv-0089', 'je-inv-045', 'fd55e043-9610-4628-9bd6-3e04b8dd7f8d', 46989000, 0, 'AR for INV-JUNE-045', NOW());
INSERT INTO "JournalLine" (id, "journalEntryId", "accountId", debit, credit, description, "createdAt") VALUES ('jl-inv-0090', 'je-inv-045', 'a9e9ef0d-ca12-41e8-bff6-81c3950f3421', 0, 46989000, 'Revenue for INV-JUNE-045', NOW());
INSERT INTO "Invoice" (id, "invoiceNumber", "salesOrderId", "invoiceDate", "dueDate", status, "totalAmount", "paidAmount", "termOfPaymentDays", notes, "createdAt", "updatedAt") VALUES ('inv-june-046', 'INV-JUNE-046', 'so-0059', '2026-06-22', '2026-07-22', 'UNPAID', 2650000, 0, 30, 'June Sales', NOW(), NOW());
INSERT INTO "JournalEntry" (id, "entryNumber", "entryDate", description, "referenceType", "referenceId", "isAutoGenerated", status, "createdById", "approvedById", "createdAt", "updatedAt") VALUES ('je-inv-046', 'INV-046', '2026-06-22', 'Sales Invoice #INV-JUNE-046', 'SALES_INVOICE', 'inv-june-046', true, 'POSTED', '982024dc-b7ec-4c97-8b9c-02ea1a183ddb', '982024dc-b7ec-4c97-8b9c-02ea1a183ddb', NOW(), NOW());
INSERT INTO "JournalLine" (id, "journalEntryId", "accountId", debit, credit, description, "createdAt") VALUES ('jl-inv-0091', 'je-inv-046', 'fd55e043-9610-4628-9bd6-3e04b8dd7f8d', 2650000, 0, 'AR for INV-JUNE-046', NOW());
INSERT INTO "JournalLine" (id, "journalEntryId", "accountId", debit, credit, description, "createdAt") VALUES ('jl-inv-0092', 'je-inv-046', 'a9e9ef0d-ca12-41e8-bff6-81c3950f3421', 0, 2650000, 'Revenue for INV-JUNE-046', NOW());
INSERT INTO "Invoice" (id, "invoiceNumber", "salesOrderId", "invoiceDate", "dueDate", status, "totalAmount", "paidAmount", "termOfPaymentDays", notes, "createdAt", "updatedAt") VALUES ('inv-june-047', 'INV-JUNE-047', 'so-0060', '2026-06-22', '2026-07-22', 'UNPAID', 71404500, 0, 30, 'June Sales', NOW(), NOW());
INSERT INTO "JournalEntry" (id, "entryNumber", "entryDate", description, "referenceType", "referenceId", "isAutoGenerated", status, "createdById", "approvedById", "createdAt", "updatedAt") VALUES ('je-inv-047', 'INV-047', '2026-06-22', 'Sales Invoice #INV-JUNE-047', 'SALES_INVOICE', 'inv-june-047', true, 'POSTED', '982024dc-b7ec-4c97-8b9c-02ea1a183ddb', '982024dc-b7ec-4c97-8b9c-02ea1a183ddb', NOW(), NOW());
INSERT INTO "JournalLine" (id, "journalEntryId", "accountId", debit, credit, description, "createdAt") VALUES ('jl-inv-0093', 'je-inv-047', 'fd55e043-9610-4628-9bd6-3e04b8dd7f8d', 71404500, 0, 'AR for INV-JUNE-047', NOW());
INSERT INTO "JournalLine" (id, "journalEntryId", "accountId", debit, credit, description, "createdAt") VALUES ('jl-inv-0094', 'je-inv-047', 'a9e9ef0d-ca12-41e8-bff6-81c3950f3421', 0, 71404500, 'Revenue for INV-JUNE-047', NOW());
INSERT INTO "Invoice" (id, "invoiceNumber", "salesOrderId", "invoiceDate", "dueDate", status, "totalAmount", "paidAmount", "termOfPaymentDays", notes, "createdAt", "updatedAt") VALUES ('inv-june-048', 'INV-JUNE-048', 'so-0061', '2026-06-23', '2026-07-23', 'UNPAID', 12750000, 0, 30, 'June Sales', NOW(), NOW());
INSERT INTO "JournalEntry" (id, "entryNumber", "entryDate", description, "referenceType", "referenceId", "isAutoGenerated", status, "createdById", "approvedById", "createdAt", "updatedAt") VALUES ('je-inv-048', 'INV-048', '2026-06-23', 'Sales Invoice #INV-JUNE-048', 'SALES_INVOICE', 'inv-june-048', true, 'POSTED', '982024dc-b7ec-4c97-8b9c-02ea1a183ddb', '982024dc-b7ec-4c97-8b9c-02ea1a183ddb', NOW(), NOW());
INSERT INTO "JournalLine" (id, "journalEntryId", "accountId", debit, credit, description, "createdAt") VALUES ('jl-inv-0095', 'je-inv-048', 'fd55e043-9610-4628-9bd6-3e04b8dd7f8d', 12750000, 0, 'AR for INV-JUNE-048', NOW());
INSERT INTO "JournalLine" (id, "journalEntryId", "accountId", debit, credit, description, "createdAt") VALUES ('jl-inv-0096', 'je-inv-048', 'a9e9ef0d-ca12-41e8-bff6-81c3950f3421', 0, 12750000, 'Revenue for INV-JUNE-048', NOW());

COMMIT;

SELECT COUNT(*) as invoices FROM "Invoice" WHERE notes = 'June Sales';
SELECT SUM("totalAmount") as total FROM "Invoice" WHERE notes = 'June Sales';