BEGIN;

INSERT INTO "SalesOrder" (id, "orderNumber", "customerId", "orderDate", status, "orderType", "totalAmount", notes, "createdById", "createdAt", "updatedAt") VALUES ('ar-ob-so-001', 'SO-OPEN-28/INV/V/26', '13039078-4e3c-4184-9b24-5fb2b62f98d1', '2026-05-19', 'DELIVERED', 'MAKE_TO_STOCK', 8080000, 'Opening Balance Entry', '982024dc-b7ec-4c97-8b9c-02ea1a183ddb', NOW(), NOW());
INSERT INTO "Invoice" (id, "invoiceNumber", "salesOrderId", "invoiceDate", "dueDate", status, "totalAmount", "paidAmount", "termOfPaymentDays", notes, "createdAt", "updatedAt") VALUES ('ar-ob-inv-001', '28/INV/V/26', 'ar-ob-so-001', '2026-05-19', '2026-05-19', 'UNPAID', 8080000, 0, 0, 'Opening Balance Transfer', NOW(), NOW());
INSERT INTO "JournalEntry" (id, "entryNumber", "entryDate", description, "reference", "referenceType", "referenceId", "isAutoGenerated", status, "createdById", "approvedById", "createdAt", "updatedAt") VALUES ('ar-ob-je-001', 'AR-OB-001', '2026-05-19', 'Opening Balance AR - Inv #28/INV/V/26', '28/INV/V/26', 'SALES_INVOICE', 'ar-ob-inv-001', true, 'POSTED', '982024dc-b7ec-4c97-8b9c-02ea1a183ddb', '982024dc-b7ec-4c97-8b9c-02ea1a183ddb', NOW(), NOW());
INSERT INTO "JournalLine" (id, "journalEntryId", "accountId", debit, credit, description, "createdAt") VALUES ('ar-ob-jl-dr-001', 'ar-ob-je-001', 'fd55e043-9610-4628-9bd6-3e04b8dd7f8d', 8080000, 0, 'Opening Balance Receivable', NOW());
INSERT INTO "JournalLine" (id, "journalEntryId", "accountId", debit, credit, description, "createdAt") VALUES ('ar-ob-jl-cr-001', 'ar-ob-je-001', 'a1b2c3d4-201b-4000-8000-000000000010', 0, 8080000, 'Opening Equity Offset', NOW());

INSERT INTO "SalesOrder" (id, "orderNumber", "customerId", "orderDate", status, "orderType", "totalAmount", notes, "createdById", "createdAt", "updatedAt") VALUES ('ar-ob-so-002', 'SO-OPEN-30/INV/V/2026', '5d531cbd-d596-41d9-b05e-c35c28179832', '2026-05-20', 'DELIVERED', 'MAKE_TO_STOCK', 1946000, 'Opening Balance Entry', '982024dc-b7ec-4c97-8b9c-02ea1a183ddb', NOW(), NOW());
INSERT INTO "Invoice" (id, "invoiceNumber", "salesOrderId", "invoiceDate", "dueDate", status, "totalAmount", "paidAmount", "termOfPaymentDays", notes, "createdAt", "updatedAt") VALUES ('ar-ob-inv-002', '30/INV/V/2026', 'ar-ob-so-002', '2026-05-20', '2026-06-04', 'UNPAID', 1946000, 0, 0, 'Opening Balance Transfer', NOW(), NOW());
INSERT INTO "JournalEntry" (id, "entryNumber", "entryDate", description, "reference", "referenceType", "referenceId", "isAutoGenerated", status, "createdById", "approvedById", "createdAt", "updatedAt") VALUES ('ar-ob-je-002', 'AR-OB-002', '2026-05-20', 'Opening Balance AR - Inv #30/INV/V/2026', '30/INV/V/2026', 'SALES_INVOICE', 'ar-ob-inv-002', true, 'POSTED', '982024dc-b7ec-4c97-8b9c-02ea1a183ddb', '982024dc-b7ec-4c97-8b9c-02ea1a183ddb', NOW(), NOW());
INSERT INTO "JournalLine" (id, "journalEntryId", "accountId", debit, credit, description, "createdAt") VALUES ('ar-ob-jl-dr-002', 'ar-ob-je-002', 'fd55e043-9610-4628-9bd6-3e04b8dd7f8d', 1946000, 0, 'Opening Balance Receivable', NOW());
INSERT INTO "JournalLine" (id, "journalEntryId", "accountId", debit, credit, description, "createdAt") VALUES ('ar-ob-jl-cr-002', 'ar-ob-je-002', 'a1b2c3d4-201b-4000-8000-000000000010', 0, 1946000, 'Opening Equity Offset', NOW());

INSERT INTO "SalesOrder" (id, "orderNumber", "customerId", "orderDate", status, "orderType", "totalAmount", notes, "createdById", "createdAt", "updatedAt") VALUES ('ar-ob-so-003', 'SO-OPEN-35/INV/V/2026', '5fac8394-89aa-4923-bd6a-83468832e938', '2026-05-21', 'DELIVERED', 'MAKE_TO_STOCK', 4623500, 'Opening Balance Entry', '982024dc-b7ec-4c97-8b9c-02ea1a183ddb', NOW(), NOW());
INSERT INTO "Invoice" (id, "invoiceNumber", "salesOrderId", "invoiceDate", "dueDate", status, "totalAmount", "paidAmount", "termOfPaymentDays", notes, "createdAt", "updatedAt") VALUES ('ar-ob-inv-003', '35/INV/V/2026', 'ar-ob-so-003', '2026-05-21', '2026-06-20', 'UNPAID', 4623500, 0, 0, 'Opening Balance Transfer', NOW(), NOW());
INSERT INTO "JournalEntry" (id, "entryNumber", "entryDate", description, "reference", "referenceType", "referenceId", "isAutoGenerated", status, "createdById", "approvedById", "createdAt", "updatedAt") VALUES ('ar-ob-je-003', 'AR-OB-003', '2026-05-21', 'Opening Balance AR - Inv #35/INV/V/2026', '35/INV/V/2026', 'SALES_INVOICE', 'ar-ob-inv-003', true, 'POSTED', '982024dc-b7ec-4c97-8b9c-02ea1a183ddb', '982024dc-b7ec-4c97-8b9c-02ea1a183ddb', NOW(), NOW());
INSERT INTO "JournalLine" (id, "journalEntryId", "accountId", debit, credit, description, "createdAt") VALUES ('ar-ob-jl-dr-003', 'ar-ob-je-003', 'fd55e043-9610-4628-9bd6-3e04b8dd7f8d', 4623500, 0, 'Opening Balance Receivable', NOW());
INSERT INTO "JournalLine" (id, "journalEntryId", "accountId", debit, credit, description, "createdAt") VALUES ('ar-ob-jl-cr-003', 'ar-ob-je-003', 'a1b2c3d4-201b-4000-8000-000000000010', 0, 4623500, 'Opening Equity Offset', NOW());

INSERT INTO "SalesOrder" (id, "orderNumber", "customerId", "orderDate", status, "orderType", "totalAmount", notes, "createdById", "createdAt", "updatedAt") VALUES ('ar-ob-so-004', 'SO-OPEN-39/INV/V/2026', 'b83cd925-72ab-48cd-98be-7c00984fde25', '2026-05-22', 'DELIVERED', 'MAKE_TO_STOCK', 778800, 'Opening Balance Entry', '982024dc-b7ec-4c97-8b9c-02ea1a183ddb', NOW(), NOW());
INSERT INTO "Invoice" (id, "invoiceNumber", "salesOrderId", "invoiceDate", "dueDate", status, "totalAmount", "paidAmount", "termOfPaymentDays", notes, "createdAt", "updatedAt") VALUES ('ar-ob-inv-004', '39/INV/V/2026', 'ar-ob-so-004', '2026-05-22', '2026-06-05', 'UNPAID', 778800, 0, 0, 'Opening Balance Transfer', NOW(), NOW());
INSERT INTO "JournalEntry" (id, "entryNumber", "entryDate", description, "reference", "referenceType", "referenceId", "isAutoGenerated", status, "createdById", "approvedById", "createdAt", "updatedAt") VALUES ('ar-ob-je-004', 'AR-OB-004', '2026-05-22', 'Opening Balance AR - Inv #39/INV/V/2026', '39/INV/V/2026', 'SALES_INVOICE', 'ar-ob-inv-004', true, 'POSTED', '982024dc-b7ec-4c97-8b9c-02ea1a183ddb', '982024dc-b7ec-4c97-8b9c-02ea1a183ddb', NOW(), NOW());
INSERT INTO "JournalLine" (id, "journalEntryId", "accountId", debit, credit, description, "createdAt") VALUES ('ar-ob-jl-dr-004', 'ar-ob-je-004', 'fd55e043-9610-4628-9bd6-3e04b8dd7f8d', 778800, 0, 'Opening Balance Receivable', NOW());
INSERT INTO "JournalLine" (id, "journalEntryId", "accountId", debit, credit, description, "createdAt") VALUES ('ar-ob-jl-cr-004', 'ar-ob-je-004', 'a1b2c3d4-201b-4000-8000-000000000010', 0, 778800, 'Opening Equity Offset', NOW());

INSERT INTO "SalesOrder" (id, "orderNumber", "customerId", "orderDate", status, "orderType", "totalAmount", notes, "createdById", "createdAt", "updatedAt") VALUES ('ar-ob-so-005', 'SO-OPEN-41/INV/V/2026', 'ae20ac93-9e8e-4853-b2c4-64680d48211d', '2026-05-23', 'DELIVERED', 'MAKE_TO_STOCK', 13179500, 'Opening Balance Entry', '982024dc-b7ec-4c97-8b9c-02ea1a183ddb', NOW(), NOW());
INSERT INTO "Invoice" (id, "invoiceNumber", "salesOrderId", "invoiceDate", "dueDate", status, "totalAmount", "paidAmount", "termOfPaymentDays", notes, "createdAt", "updatedAt") VALUES ('ar-ob-inv-005', '41/INV/V/2026', 'ar-ob-so-005', '2026-05-23', '2026-06-06', 'UNPAID', 13179500, 0, 0, 'Opening Balance Transfer', NOW(), NOW());
INSERT INTO "JournalEntry" (id, "entryNumber", "entryDate", description, "reference", "referenceType", "referenceId", "isAutoGenerated", status, "createdById", "approvedById", "createdAt", "updatedAt") VALUES ('ar-ob-je-005', 'AR-OB-005', '2026-05-23', 'Opening Balance AR - Inv #41/INV/V/2026', '41/INV/V/2026', 'SALES_INVOICE', 'ar-ob-inv-005', true, 'POSTED', '982024dc-b7ec-4c97-8b9c-02ea1a183ddb', '982024dc-b7ec-4c97-8b9c-02ea1a183ddb', NOW(), NOW());
INSERT INTO "JournalLine" (id, "journalEntryId", "accountId", debit, credit, description, "createdAt") VALUES ('ar-ob-jl-dr-005', 'ar-ob-je-005', 'fd55e043-9610-4628-9bd6-3e04b8dd7f8d', 13179500, 0, 'Opening Balance Receivable', NOW());
INSERT INTO "JournalLine" (id, "journalEntryId", "accountId", debit, credit, description, "createdAt") VALUES ('ar-ob-jl-cr-005', 'ar-ob-je-005', 'a1b2c3d4-201b-4000-8000-000000000010', 0, 13179500, 'Opening Equity Offset', NOW());

INSERT INTO "SalesOrder" (id, "orderNumber", "customerId", "orderDate", status, "orderType", "totalAmount", notes, "createdById", "createdAt", "updatedAt") VALUES ('ar-ob-so-006', 'SO-OPEN-45/INV/V/2026', '382a9809-e661-4d19-876c-e9f92febd11a', '2026-05-25', 'DELIVERED', 'MAKE_TO_STOCK', 4505000, 'Opening Balance Entry', '982024dc-b7ec-4c97-8b9c-02ea1a183ddb', NOW(), NOW());
INSERT INTO "Invoice" (id, "invoiceNumber", "salesOrderId", "invoiceDate", "dueDate", status, "totalAmount", "paidAmount", "termOfPaymentDays", notes, "createdAt", "updatedAt") VALUES ('ar-ob-inv-006', '45/INV/V/2026', 'ar-ob-so-006', '2026-05-25', '2026-06-24', 'UNPAID', 4505000, 0, 0, 'Opening Balance Transfer', NOW(), NOW());
INSERT INTO "JournalEntry" (id, "entryNumber", "entryDate", description, "reference", "referenceType", "referenceId", "isAutoGenerated", status, "createdById", "approvedById", "createdAt", "updatedAt") VALUES ('ar-ob-je-006', 'AR-OB-006', '2026-05-25', 'Opening Balance AR - Inv #45/INV/V/2026', '45/INV/V/2026', 'SALES_INVOICE', 'ar-ob-inv-006', true, 'POSTED', '982024dc-b7ec-4c97-8b9c-02ea1a183ddb', '982024dc-b7ec-4c97-8b9c-02ea1a183ddb', NOW(), NOW());
INSERT INTO "JournalLine" (id, "journalEntryId", "accountId", debit, credit, description, "createdAt") VALUES ('ar-ob-jl-dr-006', 'ar-ob-je-006', 'fd55e043-9610-4628-9bd6-3e04b8dd7f8d', 4505000, 0, 'Opening Balance Receivable', NOW());
INSERT INTO "JournalLine" (id, "journalEntryId", "accountId", debit, credit, description, "createdAt") VALUES ('ar-ob-jl-cr-006', 'ar-ob-je-006', 'a1b2c3d4-201b-4000-8000-000000000010', 0, 4505000, 'Opening Equity Offset', NOW());

INSERT INTO "SalesOrder" (id, "orderNumber", "customerId", "orderDate", status, "orderType", "totalAmount", notes, "createdById", "createdAt", "updatedAt") VALUES ('ar-ob-so-007', 'SO-OPEN-46/INV/V/2026', '14c81f7b-fad1-4426-a1c0-817f2f0f2c0d', '2026-05-25', 'DELIVERED', 'MAKE_TO_STOCK', 34879000, 'Opening Balance Entry', '982024dc-b7ec-4c97-8b9c-02ea1a183ddb', NOW(), NOW());
INSERT INTO "Invoice" (id, "invoiceNumber", "salesOrderId", "invoiceDate", "dueDate", status, "totalAmount", "paidAmount", "termOfPaymentDays", notes, "createdAt", "updatedAt") VALUES ('ar-ob-inv-007', '46/INV/V/2026', 'ar-ob-so-007', '2026-05-25', '2026-06-01', 'UNPAID', 34879000, 0, 0, 'Opening Balance Transfer', NOW(), NOW());
INSERT INTO "JournalEntry" (id, "entryNumber", "entryDate", description, "reference", "referenceType", "referenceId", "isAutoGenerated", status, "createdById", "approvedById", "createdAt", "updatedAt") VALUES ('ar-ob-je-007', 'AR-OB-007', '2026-05-25', 'Opening Balance AR - Inv #46/INV/V/2026', '46/INV/V/2026', 'SALES_INVOICE', 'ar-ob-inv-007', true, 'POSTED', '982024dc-b7ec-4c97-8b9c-02ea1a183ddb', '982024dc-b7ec-4c97-8b9c-02ea1a183ddb', NOW(), NOW());
INSERT INTO "JournalLine" (id, "journalEntryId", "accountId", debit, credit, description, "createdAt") VALUES ('ar-ob-jl-dr-007', 'ar-ob-je-007', 'fd55e043-9610-4628-9bd6-3e04b8dd7f8d', 34879000, 0, 'Opening Balance Receivable', NOW());
INSERT INTO "JournalLine" (id, "journalEntryId", "accountId", debit, credit, description, "createdAt") VALUES ('ar-ob-jl-cr-007', 'ar-ob-je-007', 'a1b2c3d4-201b-4000-8000-000000000010', 0, 34879000, 'Opening Equity Offset', NOW());

INSERT INTO "SalesOrder" (id, "orderNumber", "customerId", "orderDate", status, "orderType", "totalAmount", notes, "createdById", "createdAt", "updatedAt") VALUES ('ar-ob-so-008', 'SO-OPEN-50/INV/V/2026', '3b9a9caa-a08e-41ab-a308-16425b50a5f0', '2026-05-28', 'DELIVERED', 'MAKE_TO_STOCK', 5326500, 'Opening Balance Entry', '982024dc-b7ec-4c97-8b9c-02ea1a183ddb', NOW(), NOW());
INSERT INTO "Invoice" (id, "invoiceNumber", "salesOrderId", "invoiceDate", "dueDate", status, "totalAmount", "paidAmount", "termOfPaymentDays", notes, "createdAt", "updatedAt") VALUES ('ar-ob-inv-008', '50/INV/V/2026', 'ar-ob-so-008', '2026-05-28', '2026-06-11', 'UNPAID', 5326500, 0, 0, 'Opening Balance Transfer', NOW(), NOW());
INSERT INTO "JournalEntry" (id, "entryNumber", "entryDate", description, "reference", "referenceType", "referenceId", "isAutoGenerated", status, "createdById", "approvedById", "createdAt", "updatedAt") VALUES ('ar-ob-je-008', 'AR-OB-008', '2026-05-28', 'Opening Balance AR - Inv #50/INV/V/2026', '50/INV/V/2026', 'SALES_INVOICE', 'ar-ob-inv-008', true, 'POSTED', '982024dc-b7ec-4c97-8b9c-02ea1a183ddb', '982024dc-b7ec-4c97-8b9c-02ea1a183ddb', NOW(), NOW());
INSERT INTO "JournalLine" (id, "journalEntryId", "accountId", debit, credit, description, "createdAt") VALUES ('ar-ob-jl-dr-008', 'ar-ob-je-008', 'fd55e043-9610-4628-9bd6-3e04b8dd7f8d', 5326500, 0, 'Opening Balance Receivable', NOW());
INSERT INTO "JournalLine" (id, "journalEntryId", "accountId", debit, credit, description, "createdAt") VALUES ('ar-ob-jl-cr-008', 'ar-ob-je-008', 'a1b2c3d4-201b-4000-8000-000000000010', 0, 5326500, 'Opening Equity Offset', NOW());

INSERT INTO "SalesOrder" (id, "orderNumber", "customerId", "orderDate", status, "orderType", "totalAmount", notes, "createdById", "createdAt", "updatedAt") VALUES ('ar-ob-so-009', 'SO-OPEN-54/INV/V/2026', '613d6ab7-7c61-49f9-b45a-2e55ef6d8d05', '2026-05-30', 'DELIVERED', 'MAKE_TO_STOCK', 70729066, 'Opening Balance Entry', '982024dc-b7ec-4c97-8b9c-02ea1a183ddb', NOW(), NOW());
INSERT INTO "Invoice" (id, "invoiceNumber", "salesOrderId", "invoiceDate", "dueDate", status, "totalAmount", "paidAmount", "termOfPaymentDays", notes, "createdAt", "updatedAt") VALUES ('ar-ob-inv-009', '54/INV/V/2026', 'ar-ob-so-009', '2026-05-30', '2026-05-30', 'UNPAID', 70729066, 0, 0, 'Opening Balance Transfer', NOW(), NOW());
INSERT INTO "JournalEntry" (id, "entryNumber", "entryDate", description, "reference", "referenceType", "referenceId", "isAutoGenerated", status, "createdById", "approvedById", "createdAt", "updatedAt") VALUES ('ar-ob-je-009', 'AR-OB-009', '2026-05-30', 'Opening Balance AR - Inv #54/INV/V/2026', '54/INV/V/2026', 'SALES_INVOICE', 'ar-ob-inv-009', true, 'POSTED', '982024dc-b7ec-4c97-8b9c-02ea1a183ddb', '982024dc-b7ec-4c97-8b9c-02ea1a183ddb', NOW(), NOW());
INSERT INTO "JournalLine" (id, "journalEntryId", "accountId", debit, credit, description, "createdAt") VALUES ('ar-ob-jl-dr-009', 'ar-ob-je-009', 'fd55e043-9610-4628-9bd6-3e04b8dd7f8d', 70729066, 0, 'Opening Balance Receivable', NOW());
INSERT INTO "JournalLine" (id, "journalEntryId", "accountId", debit, credit, description, "createdAt") VALUES ('ar-ob-jl-cr-009', 'ar-ob-je-009', 'a1b2c3d4-201b-4000-8000-000000000010', 0, 70729066, 'Opening Equity Offset', NOW());

INSERT INTO "SalesOrder" (id, "orderNumber", "customerId", "orderDate", status, "orderType", "totalAmount", notes, "createdById", "createdAt", "updatedAt") VALUES ('ar-ob-so-010', 'SO-OPEN-51/INV/V/2026', '85577c3a-3831-48b2-89ab-5fdb9a6e2c6d', '2026-05-29', 'DELIVERED', 'MAKE_TO_STOCK', 37600000, 'Opening Balance Entry', '982024dc-b7ec-4c97-8b9c-02ea1a183ddb', NOW(), NOW());
INSERT INTO "Invoice" (id, "invoiceNumber", "salesOrderId", "invoiceDate", "dueDate", status, "totalAmount", "paidAmount", "termOfPaymentDays", notes, "createdAt", "updatedAt") VALUES ('ar-ob-inv-010', '51/INV/V/2026', 'ar-ob-so-010', '2026-05-29', '2026-05-29', 'UNPAID', 37600000, 0, 0, 'Opening Balance Transfer', NOW(), NOW());
INSERT INTO "JournalEntry" (id, "entryNumber", "entryDate", description, "reference", "referenceType", "referenceId", "isAutoGenerated", status, "createdById", "approvedById", "createdAt", "updatedAt") VALUES ('ar-ob-je-010', 'AR-OB-010', '2026-05-29', 'Opening Balance AR - Inv #51/INV/V/2026', '51/INV/V/2026', 'SALES_INVOICE', 'ar-ob-inv-010', true, 'POSTED', '982024dc-b7ec-4c97-8b9c-02ea1a183ddb', '982024dc-b7ec-4c97-8b9c-02ea1a183ddb', NOW(), NOW());
INSERT INTO "JournalLine" (id, "journalEntryId", "accountId", debit, credit, description, "createdAt") VALUES ('ar-ob-jl-dr-010', 'ar-ob-je-010', 'fd55e043-9610-4628-9bd6-3e04b8dd7f8d', 37600000, 0, 'Opening Balance Receivable', NOW());
INSERT INTO "JournalLine" (id, "journalEntryId", "accountId", debit, credit, description, "createdAt") VALUES ('ar-ob-jl-cr-010', 'ar-ob-je-010', 'a1b2c3d4-201b-4000-8000-000000000010', 0, 37600000, 'Opening Equity Offset', NOW());

INSERT INTO "SalesOrder" (id, "orderNumber", "customerId", "orderDate", status, "orderType", "totalAmount", notes, "createdById", "createdAt", "updatedAt") VALUES ('ar-ob-so-011', 'SO-OPEN-53/INV/V/2026', '613d6ab7-7c61-49f9-b45a-2e55ef6d8d05', '2026-05-30', 'DELIVERED', 'MAKE_TO_STOCK', 10880000, 'Opening Balance Entry', '982024dc-b7ec-4c97-8b9c-02ea1a183ddb', NOW(), NOW());
INSERT INTO "Invoice" (id, "invoiceNumber", "salesOrderId", "invoiceDate", "dueDate", status, "totalAmount", "paidAmount", "termOfPaymentDays", notes, "createdAt", "updatedAt") VALUES ('ar-ob-inv-011', '53/INV/V/2026', 'ar-ob-so-011', '2026-05-30', '2026-05-30', 'UNPAID', 10880000, 0, 0, 'Opening Balance Transfer', NOW(), NOW());
INSERT INTO "JournalEntry" (id, "entryNumber", "entryDate", description, "reference", "referenceType", "referenceId", "isAutoGenerated", status, "createdById", "approvedById", "createdAt", "updatedAt") VALUES ('ar-ob-je-011', 'AR-OB-011', '2026-05-30', 'Opening Balance AR - Inv #53/INV/V/2026', '53/INV/V/2026', 'SALES_INVOICE', 'ar-ob-inv-011', true, 'POSTED', '982024dc-b7ec-4c97-8b9c-02ea1a183ddb', '982024dc-b7ec-4c97-8b9c-02ea1a183ddb', NOW(), NOW());
INSERT INTO "JournalLine" (id, "journalEntryId", "accountId", debit, credit, description, "createdAt") VALUES ('ar-ob-jl-dr-011', 'ar-ob-je-011', 'fd55e043-9610-4628-9bd6-3e04b8dd7f8d', 10880000, 0, 'Opening Balance Receivable', NOW());
INSERT INTO "JournalLine" (id, "journalEntryId", "accountId", debit, credit, description, "createdAt") VALUES ('ar-ob-jl-cr-011', 'ar-ob-je-011', 'a1b2c3d4-201b-4000-8000-000000000010', 0, 10880000, 'Opening Equity Offset', NOW());

COMMIT;

SELECT 'SalesOrders' as tbl, COUNT(*) as cnt FROM "SalesOrder" WHERE "orderNumber" LIKE 'SO-OPEN-%' UNION ALL SELECT 'Invoices', COUNT(*) FROM "Invoice" WHERE notes = 'Opening Balance Transfer' UNION ALL SELECT 'JournalEntries', COUNT(*) FROM "JournalEntry" WHERE "entryNumber" LIKE 'AR-OB-%';